[
  {
    "id": 1,
    "dateOnly": "0001-01-01",
    "volumeL": 0,
    "milkTestResult": 0,
    "approvedForStorage": true,
    "cowId": 0,
    "containerId": 0
  },
  {
    "id": 2,
    "dateOnly": "0001-01-01",
    "volumeL": 0,
    "milkTestResult": 0,
    "approvedForStorage": true,
    "cowId": 0,
    "containerId": 0
  },
  {
    "id": 3,
    "dateOnly": "0001-01-01",
    "volumeL": 25,
    "milkTestResult": 1,
    "approvedForStorage": true,
    "cowId": 3,
    "containerId": 1
  },
  {
    "id": 4,
    "dateOnly": "2025-11-16",
    "volumeL": 5,
    "milkTestResult": 1,
    "approvedForStorage": true,
    "cowId": 1,
    "containerId": 2
  }
]